entitet,kratko,zaposleni_2024,zaposleni_2025,izvor
Zagrebački holding d.o.o. (matica),Matica ZGH,5356,5381,ESRS Annex 9 / GI 2025
Gradska plinara Zagreb,GPZ,395,397,ESRS Annex 9 / GI 2025
Gradska plinara Zagreb – Opskrba,GPZ-O,95,93,ESRS Annex 9 / GI 2025
Gradska plinara Bjelovar,GPB,25,26,ESRS Annex 9 / GI 2025
Gradska ljekarna Zagreb,Ljekarna,417,411,ESRS Annex 9 / GI 2025
Vodoopskrba i odvodnja,VIO,1174,1344,ESRS Annex 9 / GI 2025
Gradsko stambeno komunalno gospodarstvo,GSKG,320,338,ESRS Annex 9 / GI 2025
Zagreb plakat,Plakat,,10,ESRS Annex 9 / GI 2025
Grupa ZGH (zbroj),Grupa,7782,8000,ESRS Annex 9 / GI 2025
